Workbook
Name B_Vermelha: dados!$B$3
Name COSIP: dados!$B$4
Name economia_atual: dados!$B$6
Name economia_expansao: dados!$B$5
Name TE: dados!$B$1
Name TUSD: dados!$B$2

Sheet Resumo_Monitoramento
A1: Tempo | B1: Produção de energia solar（kWh） | C1: Clima | D1: Horas de pico solar（h）
A2: 45640 | B2: 88.43 | C2: Chuva pesada | D2: 3.09
A3: 45641 | B3: 147.51 | C3: Nublado | D3: 5.16
A4: 45642 | B4: 145.51 | C4: Chuva pesada | D4: 5.09
A5: 45643 | B5: 168.18 | C5: Chuva pesada | D5: 5.88
A6: 45644 | B6: 133.61 | C6: Chuva pesada | D6: 4.67
A7: 45645 | B7: 124.38 | C7: Chuva pesada | D7: 4.35
A8: 45646 | B8: 121.2 | C8: Chuva pesada | D8: 4.24
A9: 45647 | B9: 146.8 | C9: Chuva pesada | D9: 5.13
A10: 45648 | B10: 61.51 | C10: Chuva pesada | D10: 2.15
A11: 45649 | B11: 77.11 | C11: Chuva pesada | D11: 2.7
A12: 45650 | B12: 80.28 | C12: Chuva pesada | D12: 2.81
A13: 45651 | B13: 93.65 | C13: Chuva pesada | D13: 3.27
... A319: 45957 | B319: 25.27 | C319: Chuva pesada | D319: 0.88

Sheet Análise
A1: Comparativo de Fatura Atual e Projeção Pós-Expansão do Sistema Solar
A3: Mês | B3: Data Leitura 1 | C3: Data Leitura 2 | D3: Dias | E3: Energia Consumida | F3: Fatura Atual | G3: Energia Injetada | H3: Geração | I3: Autoconsumo | J3: Consumo Total (kWh/mês) | K3: Fatura Sem Energia Solar | L3: Valor Economizado | M3: Energia Necessária | N3: Nova Geração Proposta (kWh/mês) | O3: Geração Total (kWh/mês) | P3: Fatura com expansão do sistema
A4: Janeiro | B4: 45639 | C4: 45672 | D4: =C4-B4 -> 33 | E4: 10420 | F4: 7328.8 | G4: 695 | H4: =SUMIFS( Resumo_Monitoramento!B:B, Resumo_Monitoramento!A:A, ">=" & Análise!$B4, Resumo_Monitoramento!A:A, "<=" & Análise!$C4 ) -> 3923.09 | I4: =H4-G4 -> 3228.09 | J4: =E4+H4 -> 14343.09 | K4: =J4*(TUSD+TE) -> 12673.325 | L4: =K4-F4 -> 5344.5248 | M4: =J4-H4 -> 10420 | N4: 8635 | O4: =N4+H4 -> 12558.09 | P4: =IF(J4-O4>0,(J4-O4)*(TE+TUSD)+COSIP,(100*(TE+TUSD)+COSIP)) -> 1590.9074
A5: Fevereiro | B5: 45672 | C5: 45702 | D5: =C5-B5 -> 30 | E5: 11961 | F5: 8845.54 | G5: 502 | H5: =SUMIFS( Resumo_Monitoramento!B:B, Resumo_Monitoramento!A:A, ">=" & Análise!$B5, Resumo_Monitoramento!A:A, "<=" & Análise!$C5 ) -> 3350.78 | I5: =H5-G5 -> 2848.78 | J5: =E5+H5 -> 15311.78 | K5: =J5*(TUSD+TE) -> 13529.244 | L5: =K5-F5 -> 4683.7038 | M5: =J5-H5 -> 11961 | N5: 8213 | O5: =N5+H5 -> 11563.78 | P5: =IF(J5-O5>0,(J5-O5)*(TE+TUSD)+COSIP,(100*(TE+TUSD)+COSIP)) -> 3325.3828
A6: Março | B6: 45702 | C6: 45733 | D6: =C6-B6 -> 31 | E6: 10697 | F6: 7440.98 | G6: 1297 | H6: =SUMIFS( Resumo_Monitoramento!B:B, Resumo_Monitoramento!A:A, ">=" & Análise!$B6, Resumo_Monitoramento!A:A, "<=" & Análise!$C6 ) -> 3776.12 | I6: =H6-G6 -> 2479.12 | J6: =E6+H6 -> 14473.12 | K6: =J6*(TUSD+TE) -> 12788.217 | L6: =K6-F6 -> 5347.2373 | M6: =J6-H6 -> 10697 | N6: 7000 | O6: =N6+H6 -> 10776.12 | P6: =IF(J6-O6>0,(J6-O6)*(TE+TUSD)+COSIP,(100*(TE+TUSD)+COSIP)) -> 3280.32
A7: Abril | B7: 45733 | C7: 45761 | D7: =C7-B7 -> 28 | E7: 6863 | F7: 4675.95 | G7: 1113 | H7: =SUMIFS( Resumo_Monitoramento!B:B, Resumo_Monitoramento!A:A, ">=" & Análise!$B7, Resumo_Monitoramento!A:A, "<=" & Análise!$C7 ) -> 2862.75 | I7: =H7-G7 -> 1749.75 | J7: =E7+H7 -> 9725.75 | K7: =J7*(TUSD+TE) -> 8593.5171 | L7: =K7-F7 -> 3917.5671 | M7: =J7-H7 -> 6863 | N7: 5611 | O7: =N7+H7 -> 8473.75 | P7: =IF(J7-O7>0,(J7-O7)*(TE+TUSD)+COSIP,(100*(TE+TUSD)+COSIP)) -> 1119.9572
A8: Maio | B8: 45761 | C8: 45792 | D8: =C8-B8 -> 31 | E8: 6506 | F8: 4300.1 | G8: 1237 | H8: =SUMIFS( Resumo_Monitoramento!B:B, Resumo_Monitoramento!A:A, ">=" & Análise!$B8, Resumo_Monitoramento!A:A, "<=" & Análise!$C8 ) -> 2657.74 | I8: =H8-G8 -> 1420.74 | J8: =E8+H8 -> 9163.74 | K8: =J8*(TUSD+TE) -> 8096.934 | L8: =K8-F8 -> 3796.834 | M8: =J8-H8 -> 6506 | N8: 4577 | O8: =N8+H8 -> 7234.74 | P8: =IF(J8-O8>0,(J8-O8)*(TE+TUSD)+COSIP,(100*(TE+TUSD)+COSIP)) -> 1718.1435
A9: Junho | B9: 45792 | C9: 45821 | D9: =C9-B9 -> 29 | E9: 4637 | F9: 3351.3 | G9: 608 | H9: =SUMIFS( Resumo_Monitoramento!B:B, Resumo_Monitoramento!A:A, ">=" & Análise!$B9, Resumo_Monitoramento!A:A, "<=" & Análise!$C9 ) -> 1651.35 | I9: =H9-G9 -> 1043.35 | J9: =E9+H9 -> 6288.35 | K9: =J9*(TUSD+TE) -> 5556.2854 | L9: =K9-F9 -> 2204.9854 | M9: =J9-H9 -> 4637 | N9: 3810 | O9: =N9+H9 -> 5461.35 | P9: =IF(J9-O9>0,(J9-O9)*(TE+TUSD)+COSIP,(100*(TE+TUSD)+COSIP)) -> 744.43397
A10: Julho | B10: 45821 | C10: 45854 | D10: =C10-B10 -> 33 | E10: 4190 | F10: 2891.43 | G10: 735 | H10: =SUMIFS( Resumo_Monitoramento!B:B, Resumo_Monitoramento!A:A, ">=" & Análise!$B10, Resumo_Monitoramento!A:A, "<=" & Análise!$C10 ) -> 1902.28 | I10: =H10-G10 -> 1167.28 | J10: =E10+H10 -> 6092.28 | K10: =J10*(TUSD+TE) -> 5383.0411 | L10: =K10-F10 -> 2491.6111 | M10: =J10-H10 -> 4190 | N10: 4006 | O10: =N10+H10 -> 5908.28 | P10: =IF(J10-O10>0,(J10-O10)*(TE+TUSD)+COSIP,(100*(TE+TUSD)+COSIP)) -> 176.28946
A11: Agosto | B11: 45854 | C11: 45883 | D11: =C11-B11 -> 29 | E11: 4120 | F11: 2710.15 | G11: 957 | H11: =SUMIFS( Resumo_Monitoramento!B:B, Resumo_Monitoramento!A:A, ">=" & Análise!$B11, Resumo_Monitoramento!A:A, "<=" & Análise!$C11 ) -> 1983.6 | I11: =H11-G11 -> 1026.6 | J11: =E11+H11 -> 6103.6 | K11: =J11*(TUSD+TE) -> 5393.0433 | L11: =K11-F11 -> 2682.8933 | M11: =J11-H11 -> 4120 | N11: 4919 | O11: =N11+H11 -> 6902.6 | P11: =IF(J11-O11>0,(J11-O11)*(TE+TUSD)+COSIP,(100*(TE+TUSD)+COSIP)) -> 102.0684
A12: Setembro | B12: 45883 | C12: 45915 | D12: =C12-B12 -> 32 | E12: 3754 | F12: 2771.04 | G12: 904 | H12: =SUMIFS( Resumo_Monitoramento!B:B, Resumo_Monitoramento!A:A, ">=" & Análise!$B12, Resumo_Monitoramento!A:A, "<=" & Análise!$C12 ) -> 2122.43 | I12: =H12-G12 -> 1218.43 | J12: =E12+H12 -> 5876.43 | K12: =J12*(TUSD+TE) -> 5192.3195 | L12: =K12-F12 -> 2421.2795 | M12: =J12-H12 -> 3754 | N12: 5335 | O12: =N12+H12 -> 7457.43 | P12: =IF(J12-O12>0,(J12-O12)*(TE+TUSD)+COSIP,(100*(TE+TUSD)+COSIP)) -> 102.0684
A13: Outubro | B13: 45915 | C13: 45945 | D13: =C13-B13 -> 30 | E13: 4713 | F13: 3662.64 | G13: 1004 | H13: =SUMIFS( Resumo_Monitoramento!B:B, Resumo_Monitoramento!A:A, ">=" & Análise!$B13, Resumo_Monitoramento!A:A, "<=" & Análise!$C13 ) -> 2522.3 | I13: =H13-G13 -> 1518.3 | J13: =E13+H13 -> 7235.3 | K13: =J13*(TUSD+TE) -> 6392.9953 | L13: =K13-F13 -> 2730.3553 | M13: =J13-H13 -> 4713 | N13: 6307 | O13: =N13+H13 -> 8829.3 | P13: =IF(J13-O13>0,(J13-O13)*(TE+TUSD)+COSIP,(100*(TE+TUSD)+COSIP)) -> 102.0684
A14: Novembro | E14: =MEDIAN(E9:E13) -> 4190 | F14: =MEDIAN(F9:F13) -> 2891.43 | G14: =MEDIAN(G9:G13) -> 904 | H14: =MEDIAN(H4:H8) -> 3350.78 | I14: =H14-G14 -> 2446.78 | J14: =E14+H14 -> 7540.78 | K14: =J14*(TUSD+TE) -> 6662.9126 | L14: =K14-F14 -> 3771.4826 | M14: =J14-H14 -> 4190 | N14: 8065 | O14: =N14+H14 -> 11415.78 | P14: =IF(J14-O14>0,(J14-O14)*(TE+TUSD)+COSIP,(100*(TE+TUSD)+COSIP)) -> 102.0684
A15: Dezembro | E15: =MEDIAN(E4:E8) -> 10420 | F15: =MEDIAN(F4:F8) -> 7328.8 | G15: =MEDIAN(G4:G8) -> 1113 | H15: =MEDIAN(H10:H14) -> 2122.43 | I15: =H15-G15 -> 1009.43 | J15: =E15+H15 -> 12542.43 | K15: =J15*(TUSD+TE) -> 11082.29 | L15: =K15-F15 -> 3753.4905 | M15: =J15-H15 -> 10420 | N15: 8711 | O15: =N15+H15 -> 10833.43 | P15: =IF(J15-O15>0,(J15-O15)*(TE+TUSD)+COSIP,(100*(TE+TUSD)+COSIP)) -> 1523.7551

Sheet dados
A1: Consumo TE | B1: 0.408886
A2: Consumo TUSD | B2: 0.474698
A3: Bandeira Vermelha | B3: 0.078368
A4: COSIP | B4: 13.71
A5: Economia Com Expansão | B5: =SUM(Análise!O4:O15)*(TUSD+TE) -> 94909.866
A6: Economia Atual | B6: =SUM(Análise!H4:H15)*(TUSD+TE) -> 28474.069
